Sample,Dim.1,Dim.2,Dim.3,Dim.4,Dim.5,Dim.6,Dim.7,Dim.8,Dim.9,Dim.10,Dim.11,Dim.12,Dim.13,Dim.14,Dim.15,Dim.16,Dim.17,Dim.18,Dim.19,Dim.20,Dim.21,Dim.22,Dim.23,Dim.24,Dim.25,Dim.26,Dim.27,Dim.28,Dim.29,Dim.30,Dim.31,Dim.32,Dim.33,Dim.34,Dim.35,Dim.36,Dim.37,Dim.38,Dim.39,Dim.40,Dim.41,Dim.42,Dim.43,Dim.44,Dim.45,Dim.46,Dim.47,Dim.48,Dim.49,Dim.50,Dim.51,Dim.52,Dim.53,Dim.54,Dim.55,Dim.56,Dim.57,Dim.58,Dim.59,Dim.60,Dim.61
BAr1B,-1.956549744,-2.416451837,-1.295007867,-0.417448667,0.317597064,-1.241511927,0.69993247,-0.371919493,0.496101578,-0.098454452,0.039389471,-0.14780526,-0.01841486,0.030968215,-0.079135886,0.111703041,-0.225418493,0.103949808,-0.101250483,0.141505049,-0.042783452,0.026906676,-0.084033091,0.021403446,0.095566611,-0.009378685,-0.021752317,-0.05619571,0.025677553,0.069646077,-0.084904476,-0.049051859,-0.00576461,-0.057185537,-0.030955942,-0.111743724,0.103804516,0.02913086,0.072238756,0.067710305,-0.010045662,-0.032446907,-0.005267703,-0.08373077,-0.01025189,-0.008613633,-0.012638187,0.010312072,0.023558002,0.024354062,0.002834919,0.028845794,0.017937056,0.01281403,0.01445533,0.005874768,0.005216456,-0.022336297,-0.013305071,-0.016496597,-2.30E-15
MHr2F,-4.73521766,-5.030538817,-1.227907722,-0.179929219,0.012523351,-0.031951875,-0.356633871,1.099107386,0.839932518,-0.275202095,-0.336862914,0.182081606,0.14337817,0.198780807,-0.199413216,0.115260812,0.053854902,-0.075851817,0.045633066,-0.020332111,-0.097234188,0.021785352,-0.035678551,0.203577374,-0.095959004,-0.048976834,0.111668503,0.071235115,0.05188381,-0.072361521,-0.066908631,-0.003199647,-0.02023591,0.048843916,0.041958975,-0.079710406,-0.043238759,-0.017375663,0.070018564,-0.033237131,0.018143052,0.089458176,-0.006481032,0.023315579,0.007759098,-0.048973792,0.015053549,-0.004151988,0.005682839,-0.009839553,0.010420133,0.031483676,-0.006757738,-0.014918229,0.019704069,-0.026077306,-0.006342921,-0.016235296,0.016267925,0.002713705,-4.82E-15
MHr3I,-2.752642111,-0.379919872,-0.381540763,0.213858531,0.326177338,-0.614352103,-0.024048654,0.074538488,0.433028903,-0.108927597,-0.169688349,0.19534167,0.199276664,-0.084145364,0.010988675,-0.02546947,0.059875851,-0.042480674,-0.10944556,-0.083321315,-0.053556282,0.161002295,-0.015395359,-0.087215209,-0.038475732,-0.008567403,0.008104951,-0.148135419,-0.108239967,0.0022945,0.056773603,0.014950761,0.048168721,-0.048767735,-0.000796077,0.061233086,-0.008357028,-0.080354255,0.077976457,-0.026703242,0.037825411,-0.050771656,0.012362294,-0.011665861,0.063619272,-0.028950552,0.048913724,0.040092798,-0.012674525,-0.029423074,0.010633095,-0.024538397,0.00897928,0.028662225,0.04136141,-0.025656514,-0.028378508,-0.011372762,-0.006290272,0.005072726,-3.08E-15
BAr3H,1.249803646,-1.653579846,-0.478502487,0.468379204,1.177230137,-1.725357889,0.03680538,0.250065527,-0.224048792,-0.075113969,0.486550592,-0.35440144,-0.40175599,-0.438904029,0.039677671,0.1797672,-0.189907555,0.096742334,0.089900535,-0.016124394,-0.111101212,-0.110586135,-0.029939479,-0.050917543,0.047980422,0.090305627,0.09272584,0.054337326,-0.001499947,-0.055537584,-0.042749275,0.093590439,-0.020923237,0.072492942,-0.004304158,-0.033327722,-0.104952301,-0.046337499,-0.009359459,-0.010069684,-0.025500744,-0.040853553,0.019764388,-0.051876721,-0.013150618,0.028252483,0.016919897,0.014793775,0.004501871,-0.068712367,0.011115125,-0.007703575,0.024207169,-0.000477491,-0.005505721,0.020329648,-0.005905113,0.015952586,0.013476372,-0.002104612,-3.72E-15
BOr3G,-0.65559989,2.590465067,-0.134262107,-1.221413715,0.250513386,1.223487394,-1.359735855,-0.781415546,-0.725683265,-0.181590463,0.043431695,-0.032764954,0.180554847,-0.114603979,0.007209472,-0.096573424,-0.099037727,0.049973375,0.010723005,0.045214926,-0.025865744,-0.027738864,0.09056951,0.016628727,-0.010808203,-0.07743429,-0.011520447,0.027573882,-0.027167491,-0.048538606,-0.021357561,-0.05028811,0.03131786,-0.007213619,0.047360466,0.037134153,-0.013977741,-0.027841793,-0.030907774,0.025168036,-0.023869397,0.020594091,0.008890544,0.003107982,0.004572741,-0.00077738,0.01457998,-0.019579924,-0.009576693,-0.038867357,0.028421048,0.04128312,0.044451778,-0.032962617,0.048080101,0.00860345,0.023722076,-0.008637899,-0.067175757,-0.025139678,-3.20E-15
BAr1A,6.306150898,4.218300822,1.06231592,-0.407201995,0.334246078,-1.073568758,-0.317745237,-0.467611507,-0.73245661,-0.35175243,0.552625018,0.891164971,-0.047986252,-0.336243028,-0.155489575,0.28963409,0.209953463,-0.175773312,-0.120327471,-0.03818185,-0.111445516,0.043952736,-0.047873264,0.038939669,0.007664477,0.079254678,-0.051650524,0.02827244,-0.055622348,-0.046034268,0.01826477,-0.081076143,-0.03263168,0.028453917,-0.042692262,-0.057375954,-0.005992336,-0.01433088,0.00454254,0.024309816,0.007109654,-0.000504597,0.003265076,0.002169739,-0.006530105,0.031123973,0.00986265,-0.024141022,-0.066366444,0.048656068,-0.034088863,0.014402494,0.011520922,-0.025692167,0.009587772,-0.012385607,-0.0251302,0.018548994,-0.007736761,0.0113247,-2.38E-16
SEr2E,-35.59764502,4.034345572,5.235619353,3.699414268,-0.476835696,1.345342264,1.080606401,-1.452319449,1.147339054,-0.318078188,0.110642856,-0.160139822,-0.1640091,-0.338535921,-0.101286053,0.113881273,-0.025423803,-0.076744167,0.062065141,-0.021396686,0.001565253,-0.014445546,0.004462353,0.02554397,0.028604291,-0.007485557,0.029632964,-0.002808944,0.015422221,-0.00154888,-0.004494906,-0.001147976,-0.005331838,0.010422062,-0.007756869,0.006801651,-0.001137152,-0.006857011,-0.00715353,0.001974813,0.004758034,-0.002557225,-0.002696949,-0.003377737,-0.006893496,-0.002410355,-0.003028338,-0.000180991,-0.006717737,0.003404327,0.002543477,0.002080631,-0.005835236,-0.002031127,0.00124025,6.65E-05,-0.00111964,-0.000395693,-0.000389101,-0.001468763,5.99E-15
MHr3G,-1.493834883,-1.190284114,-2.101042591,-1.782023508,-0.420124608,0.844030456,0.234641494,-0.089969825,-0.00031061,0.322334747,-0.372633177,-0.028043473,0.648011863,-0.414604797,0.120570015,0.14320488,-0.036618533,0.083555147,0.095758867,-0.119183551,0.035578893,0.070217507,-0.034550129,0.092956368,0.073156439,-0.039573059,0.029737958,-0.02627812,0.015947506,-0.020455793,0.018159144,-0.017511724,-0.043038401,0.01083798,0.011045639,0.093855707,-0.070862262,-0.005386122,-0.018962572,0.041548798,0.023560554,-0.028454834,0.051346853,-0.007015727,-0.04537999,-0.017387758,0.009404844,-4.02E-05,0.043314787,0.069980753,-0.017499591,-0.010865418,0.037255458,-0.01529784,0.018327121,0.021825475,-0.017826972,-0.00547512,0.034884981,-0.016529015,-2.84E-15
MGr1B,3.583427474,-0.40521282,0.854012199,0.741329657,0.205693854,-1.927430117,-0.987006199,-0.040987679,-0.315086772,-0.223378561,-0.365786576,-0.222580125,-0.176789014,-0.191519018,-0.06658718,0.174675187,0.217123333,-0.112347248,0.060932878,-0.160777822,0.059122472,-0.01176616,0.152929748,0.034443094,-0.052249621,0.00652382,0.041613775,-0.15836735,0.091953502,0.042161822,0.063514701,0.027198142,0.046403288,0.025504108,0.025431671,-0.017810852,0.074085524,-0.03550321,-0.009128646,0.086169169,0.030609471,-0.015047084,-0.010600891,0.028631859,-0.066044904,-0.010772387,-0.008746509,-0.038970939,0.03455282,-0.027003091,0.011514066,-0.00579442,-0.029451236,-0.004824222,0.01469884,-0.001107093,0.01732238,0.012294021,0.002969252,-0.007622961,-2.46E-15
CRr3G,-2.148134848,-0.991104699,-1.371143259,-0.131014845,-1.198720169,-0.819124613,0.875476391,-0.317213976,-0.985973355,0.655876407,-0.615212346,-0.250798961,-0.121785585,-0.50218103,0.126268039,-0.025547443,-0.042013971,-0.243014827,0.031802788,0.188932597,-0.10789837,-0.036279946,-0.028746555,-0.060538939,-0.006997017,0.073157091,-0.025638153,-0.045970347,-0.045944253,-0.027798997,0.060446198,0.033449827,0.072321165,-0.010293751,0.023309304,0.006798972,-0.010079051,-0.007583421,-0.010105742,-0.04885793,-0.051283201,0.042892896,-0.025193052,-0.007665051,0.032185343,-0.023313879,-0.048798705,-0.057715601,-0.002275216,0.031753922,0.042489781,0.035875573,-0.012134333,0.019090613,0.01219577,0.023530184,-0.012849954,-0.008416829,0.017475594,0.000949947,-2.99E-15
BOr1A,-2.518553113,-4.260780415,-1.666055424,-0.527759445,-1.456653464,0.071503682,0.382708672,0.189588217,-0.542790756,-0.051661482,-0.559482818,0.4290729,0.297780362,-0.59025729,-0.03036951,-0.109083755,0.011950712,0.013114172,0.125387588,0.143358074,0.103352437,-0.080535057,0.04894503,0.011356031,0.052010233,0.006998788,0.038151989,0.05479344,-0.005821071,-0.024296426,-0.030209246,-0.030438795,-0.016516991,-0.004842608,-0.048053001,-0.022488911,0.024359717,0.010033961,-0.049201113,-0.048889092,0.016862592,-0.047104885,-0.038150112,-0.008890161,-0.014613801,-0.004413348,-0.011808673,0.05149106,-0.019054725,-0.012330615,-0.034505722,-0.006942119,-0.034641321,0.011901529,0.031944521,-0.05739176,0.026801408,0.033417008,-0.004857893,-0.016707098,-6.32E-15
CRr2D,5.026255988,8.002245842,-1.051047948,-3.648273128,0.299444255,-0.023403066,3.063950364,-0.191629424,1.439468337,0.224186256,-0.50613961,0.968138434,-0.24725125,0.101912595,0.02563626,-0.056679015,-0.165311621,-0.007638244,0.025364851,0.111148641,-0.079800668,0.002695382,0.096820027,0.003455337,-0.108448274,-0.016543834,0.068239381,-0.057160325,0.016321114,0.029407702,0.014635573,0.040592804,0.021169313,0.039350038,-0.0042128,0.000717943,0.015865028,-0.011559963,-0.018075882,0.012293016,-0.006737628,0.017413495,0.011975988,0.025835191,-0.026626235,0.018484465,0.021218782,0.008054749,-0.002616989,-0.015511751,-0.008406257,0.006357292,0.013022833,0.002166488,-0.01072736,0.004089785,0.00686004,0.013056951,-0.00385176,0.003894618,5.61E-16
MHr1C,-8.306038042,-3.271246212,-0.686252104,0.202012602,-0.261873536,-0.153956201,0.07240812,0.509926199,0.222836183,0.031649107,0.377141248,0.253111423,0.606012082,-0.120803654,-0.086666831,-0.080059478,0.088945082,0.014496978,-0.110909998,0.024367547,-0.010684145,0.118808427,0.005410262,-0.03116278,-0.113747778,-0.012501159,-0.032597419,0.023042262,-0.059531412,-0.003298826,-0.020545623,-0.026817344,0.073702247,-0.009145516,0.047881786,-0.021533519,0.006388006,0.038588783,0.072111211,-0.015566944,0.00749255,0.023196595,-0.014398447,4.01E-05,-0.012484703,0.018437992,-0.013163358,-0.010660741,-0.009073004,-0.004482385,0.015549435,-0.052487998,0.019175126,-0.00602185,-0.02381595,0.052208836,0.030452416,0.063546925,0.006732194,-0.029632682,-4.42E-15
SEr2D,-4.053188756,0.325828007,0.122944753,0.06010372,-0.5213396,-0.041589385,0.416028955,1.17693696,0.145371271,0.737082979,-0.024532352,0.169864537,0.175180807,0.197406831,0.083395314,-0.035479306,-0.063903975,0.005911687,-0.067406387,-0.105344322,0.150019342,0.007483505,-0.065506935,-0.072308064,-0.005260633,0.015502857,0.07905223,0.022951821,-0.009983219,-0.012835111,-0.015890338,-0.04281188,-0.050511139,-0.016058671,-0.046114449,-0.009749814,0.00487124,0.02441655,0.007268863,0.015799701,-0.095573091,-0.001194135,0.055511074,-0.001700571,-0.032550297,-0.023032133,-0.005122332,-0.023580128,-0.01487244,-0.02401363,-0.006011709,-0.026801858,-0.069048566,-0.021055553,0.047331738,0.040374432,-0.030081889,0.002067453,-0.027120688,0.016844327,-3.41E-15
CRr2F,-1.200410972,3.200830324,-0.327636179,-1.744197789,1.304775739,-0.856810202,0.771108667,-0.102226049,-0.404120819,-0.573787,0.658403339,-0.564107914,0.240143804,-0.038921557,-0.269507747,-0.191335541,0.017426358,0.077881383,0.016025353,-0.110679505,0.229579929,-0.068487773,0.087058142,0.056566411,0.015442556,-0.05169755,-0.042456528,-0.035502092,-0.045977223,-0.031231761,0.008229523,-0.037501993,0.04008063,0.028542754,0.002051439,0.002200172,-0.00445781,-0.048766832,-0.001079893,-0.001299147,-0.084582524,0.066342421,-0.050498356,-0.017912192,-0.033832853,0.010723871,0.00085283,0.053051568,-0.029277442,0.022826191,0.018701691,-0.018222975,-0.012831036,0.014430898,-0.004447361,-0.010039697,-0.012617504,-0.028882655,0.023333688,-0.010905423,-2.58E-15
CRr1C,-5.519548455,0.667203776,-0.819964447,-0.699075679,-1.093481877,-0.110163958,0.638263621,-0.83076548,-0.789784249,-0.011712962,0.201292004,-0.184424094,0.339724028,0.190972504,-0.122359591,-0.118600301,0.092299974,0.075193729,-0.079629437,-0.086677638,-0.073271757,-0.051531238,-0.04332602,0.021301673,-0.057694261,0.012533414,-0.078742651,0.065273748,0.028749965,-0.040434648,-0.016777128,0.027800202,0.06679563,-0.06001822,0.065785559,-0.029305021,0.019231069,-0.000287632,-0.023599405,0.047103756,-0.002790703,-0.030600452,0.050173174,0.015406267,0.039481396,0.049849276,0.027483251,0.045953459,0.029005656,-0.009569967,-0.002914759,0.044066282,-0.027204585,-0.013649085,0.02690812,0.011548968,0.025753126,0.011427097,0.039836264,0.039677787,-4.04E-15
BOr2D,-6.077902085,1.113386,-0.102413612,-0.124452985,-0.228537605,1.10979961,-0.529902196,0.507161039,-1.063885535,-0.442372268,-0.080810245,0.39120774,-0.13150998,0.255241267,0.074903994,-0.160766911,-0.015326751,-0.051363172,-0.016999843,-0.113860128,-0.025290778,0.062337776,0.108107759,-0.052967161,0.014408246,0.023178543,0.059522069,0.052988186,0.02885046,-0.077090653,0.042636644,-0.052096504,-0.014101762,0.033385682,-0.024901372,-0.050419322,0.061188369,0.007657818,-0.013536528,0.005873655,0.007384195,-0.02743247,-0.01671003,0.016955731,0.015119018,-0.017108251,0.016419486,-0.000632771,0.001198865,-0.029593055,-0.048378847,0.037246783,0.01423609,0.062631249,-0.015130695,0.049549039,-0.029129459,-0.015381925,0.025309277,-0.029406191,-5.91E-15
SEr3H,-3.723343326,3.838834311,1.275236059,0.422760791,-0.537206747,0.282670865,-0.150670782,1.152007626,-0.291790933,1.542565533,0.435948862,0.548745372,-0.235086411,-0.030960281,0.123051101,-0.037695735,-0.000288381,0.124626046,-0.006006578,-0.157532728,0.074941592,0.041671756,-0.04977754,-0.068968486,0.048713276,0.041446373,0.015218177,0.064056262,0.026320018,-0.025501809,0.002093272,0.06822633,0.03206678,0.020994487,0.084960461,-0.02334676,0.030660133,0.042088841,0.029717387,0.040276705,-0.032507422,-0.006755438,-0.043963124,0.024872531,0.002019341,0.018075221,-0.032213795,-0.008289759,0.02379124,0.007704837,0.017366224,-0.009141438,0.048091919,0.011407262,0.015115793,-0.064984488,-0.00855069,-0.002582834,0.003369022,-0.001375088,-1.95E-15
MGr2E,-0.101392569,3.95218396,1.124576356,-1.002883041,-0.171400245,-0.793965191,-0.347221033,-0.095381734,-0.443608281,0.242128327,-0.437512148,-0.666534691,0.360188753,0.354578325,0.025279287,0.111274218,-0.252589182,-0.107614396,0.128636029,-0.066956639,-0.06150085,-0.081512665,-0.153133282,0.102427532,-0.013971709,-0.12694471,0.018626085,-0.009260961,-0.01524425,0.003895029,-0.021313895,-0.086156809,0.027164841,0.032708306,0.040840706,-0.053396364,0.050234234,0.042830391,-0.079348941,-0.014148477,0.021654369,-0.044844068,0.019928958,0.010902542,0.030385964,-0.018364404,0.029130586,-0.022048224,-0.046269905,-0.00468705,0.033225258,-0.050707557,0.011710175,0.017255898,-0.016647258,-0.01498687,-0.010704153,0.012281386,0.005230193,0.002044308,-3.42E-15
BAr1C,-5.550764879,-2.600324132,-2.067131708,-0.776859994,-0.087502475,0.443711742,1.083819719,0.729229978,-0.387417041,-0.083026465,0.226422986,-0.1604147,0.351617383,-0.301998148,0.023135338,0.038281041,-0.060896086,-0.025311486,0.068441413,-0.130497067,-0.030220295,0.027008381,-0.080377031,-0.041961654,-0.024251607,0.016687431,-0.028200196,-0.00044145,-0.00992729,-0.048955084,0.041743123,-0.007482781,0.050011235,-0.04758934,0.042126617,0.002529747,-0.047008056,0.003073277,0.026299048,0.024680289,0.037410908,-0.007834853,0.033399041,-0.005229533,-0.046080495,0.019460652,0.003606374,-0.041144874,-0.021332442,-0.015189321,-0.029603301,0.01286807,-0.031310243,0.022370326,-0.068307488,-0.027223876,0.024332386,-0.044052509,-0.042529781,0.008397486,-2.63E-15
BAr2F,-3.204552626,-0.527883765,-0.760113404,0.004867789,1.7921814,-0.496930548,-0.295971519,0.368899495,0.417835773,0.154415972,0.518095447,-0.28082471,-0.442844393,0.074823488,-0.009250176,-0.175092623,-0.278165576,0.040676635,-0.127777521,-0.042070533,-0.111702323,0.07484994,0.077442725,0.107560959,-0.079182198,0.097345989,0.032899483,-0.077377899,-0.040634831,-0.041396478,0.101103064,-0.066114122,-0.122669529,-0.023988969,0.092134401,0.038934528,-0.00982545,0.068950678,-0.030831368,-0.037970665,0.021510829,-0.050150167,-0.025941766,0.005862901,-0.004271035,-0.001478146,-0.023859815,0.017301092,0.002042683,0.023555288,0.014845304,0.029628914,-0.036053204,-0.018463764,0.000850147,-0.008790445,0.005192734,0.013068772,0.000288956,-0.008287042,-3.24E-15
LASCr2E,-6.283071518,-2.428604459,-0.857538576,0.028824024,0.758675342,-0.045220423,-0.377353421,0.340830332,-0.158432757,-0.02989639,0.255048921,-0.322452136,-0.207811499,0.065571958,-0.032063303,0.097333132,-0.132282183,0.047108623,-0.061661531,0.09962527,0.018883105,-0.071822985,0.025363866,0.048380935,0.047451246,-0.038334444,-0.006741601,-0.072667242,0.006469178,0.067276094,0.040982816,0.025214488,-0.061006465,-0.007528334,0.025022634,0.018973975,-0.025931482,0.011399562,-0.008331569,0.007273749,-0.02403338,0.072148691,-0.008057136,0.018820768,0.033646581,0.032373612,0.040793707,-0.053509972,-0.002134172,0.012515234,-0.074099677,-0.028846837,0.01830896,0.058109182,0.04151388,0.000652862,0.037030962,0.014531527,-0.00127844,0.02235093,-5.92E-15
BOr1C,-4.165354872,1.769669909,0.520466844,0.167821335,-0.322005154,-0.14361947,0.421030869,0.684526283,-1.456581104,-0.530970646,0.032813831,0.168820531,-0.090337326,0.210896394,-0.157689295,-0.12701189,-0.201138091,-0.02821897,0.037161396,-0.068708537,-0.006900213,-0.060392753,-0.092756485,-0.086555304,0.0233849,-0.049272462,-0.028907762,-0.071258646,0.052299661,-0.037045918,0.012064823,0.009697335,-0.028160397,0.021741521,-0.036544946,0.007323051,0.008829266,-0.058973059,0.007985586,-0.02020703,0.03132457,0.052843848,-0.003019129,-0.02543099,0.026884108,-0.014474167,0.009456902,0.014886811,0.091976885,0.032756372,-0.001494295,0.000460645,-0.008007523,-0.018588627,-0.0273014,-0.009973087,-0.02297702,0.048098872,-0.037486486,0.004309736,-2.39E-15
SEr3G,2.646016176,1.544077582,1.755381567,0.628650505,0.831571215,-1.035471129,-1.531760988,0.601904355,0.826762732,0.811884722,0.047174392,0.141697679,-0.381953685,-0.199676401,-0.338342394,-0.028017182,0.004484515,-0.01386498,0.070001568,0.143097371,0.093453801,0.009390875,-0.007325922,-0.105240993,-0.04044452,-0.108548501,-0.113464804,0.016016879,0.002314168,0.011182057,-0.053705505,-0.070414451,0.049148182,0.064984588,0.057331246,0.041636484,0.023552064,-0.023822692,-0.003319824,-0.064134736,-0.000806008,-0.009523924,0.109085046,-0.003476361,-0.014840142,-0.013309564,-0.027326444,0.017819167,0.011280243,0.010217597,-0.03726727,0.031880716,-0.003370865,0.018343515,-0.009595876,0.002844677,0.004772779,-0.00366309,0.007398739,-0.000900379,-2.00E-15
MHr1A,-1.873471251,-0.755737817,0.102639945,1.650588813,1.362471831,-0.943697649,-0.401610822,0.565682176,0.057269525,0.099747252,-0.475460827,0.074135965,-0.097441718,0.202874217,0.065650627,0.06286358,-0.157511344,-0.259579047,-0.045777864,-0.019846421,-0.003818186,-0.16726802,0.154029492,-0.010077131,-0.10200955,-0.065423197,-0.007457973,0.096610279,-0.115479801,-0.083469661,-0.083462479,-0.001606888,0.045038482,-0.070075484,-0.122679106,0.077105302,-0.024262014,0.069871068,0.014039449,0.055286949,0.024551779,0.00165065,-0.010456489,0.00940627,-0.013248851,0.042438825,-0.003068916,0.008080201,0.029689308,0.015536316,0.008198053,-0.003940484,0.00983264,0.006536446,0.000549257,-0.009787912,-0.003414227,-0.009492896,0.005400141,0.00507916,-2.56E-15
BOr2F,-5.017419596,-0.531208054,-1.227026383,-0.886532917,0.41220626,1.30849177,-0.657845792,-0.130627379,-0.68298383,-0.392123106,0.126595424,0.122464408,-0.113573432,-0.144317047,0.181558213,0.050135734,-0.090924938,0.169235894,-0.086474498,0.111295173,0.029155891,0.086410987,0.078399116,-0.058100995,0.041167133,-0.067390211,0.015169186,-0.077331247,-0.03275887,0.046383341,-0.062763785,-0.02424335,0.006055029,-0.010212236,-0.018286892,0.055034705,0.052673841,0.032915716,0.003008699,0.017065989,0.004735476,0.044853367,0.024192034,-0.043768633,-0.002168056,-0.007860966,-0.001981322,-0.049828527,-0.022073982,-0.052950558,0.004522963,0.015572307,-0.010764078,-0.037675928,-0.027832002,-0.041504941,-0.028532416,0.016371426,0.051868812,0.015528521,-3.12E-15
LABRr1A,-4.484152429,1.376800638,-0.097330164,-0.68932117,-0.087587004,-0.282547187,-0.318392703,-0.446365141,-0.241282027,0.094985839,-0.067319812,-0.129059712,0.167980841,0.232155724,-0.116852993,-0.121425921,-0.004808376,0.044811441,-0.035566524,0.084020206,-0.132607072,-0.065895806,-0.022689064,-0.006858692,-0.067491353,-0.002574422,-0.052703244,-0.018844558,-0.003749555,0.037467734,-0.001341166,0.064946816,0.048228817,0.015410567,0.024299013,-0.027273936,-0.009308762,0.012136669,-0.020589691,-0.050003733,0.055090553,-0.009494605,-0.05354639,-0.011292262,-0.015629403,0.024678119,-0.058714073,-0.011111001,0.01940321,-0.022800934,-0.075443823,-0.050521746,0.000191242,-0.05342592,0.021526731,0.010179506,-0.035244616,-0.045620621,0.000187336,-0.006062982,-5.26E-15
BAr3G,2.269156545,5.652697292,0.807009166,-1.19106933,0.525217164,0.116674312,-0.405462681,-0.437502195,-0.431878884,0.090789932,0.600154618,0.84638255,0.23803425,-0.019016472,-0.013790518,0.298761592,0.114107181,0.012178377,-0.195121005,0.007564708,-0.0706754,-0.068408821,-0.070344125,0.108983737,0.075640014,0.001271202,-0.005004951,0.031565086,0.012690494,0.007724884,0.039943519,0.017516927,-0.031318109,-0.05880862,-0.057891558,0.025769348,0.000115631,0.022018079,-0.026846216,-0.066190922,0.013523395,0.029126302,0.031248733,-0.007447602,0.000515,-0.034500521,-0.029373375,0.005830433,0.052785741,-0.034809414,0.036042971,-0.026830532,-0.026223982,0.030065374,-0.002555654,0.001163102,0.037498483,-0.02406542,0.010016273,-0.015585786,-6.40E-16
BOr2E,-3.024924349,0.007043294,-0.104211033,-0.387851631,-0.041545576,0.638728662,-0.674109843,0.545512651,-0.69039059,-0.811978133,-0.441247932,0.474882848,-0.580632736,0.244952285,-0.075023486,0.03640904,-0.10273743,0.178099955,0.079666162,0.032023782,-0.086384121,0.01160336,0.049202496,-0.110335421,0.057535316,-0.043854866,0.034033396,0.010601815,0.0722329,-0.017204953,-0.044869474,0.070823571,-0.021981747,-0.029340689,0.016740348,0.001975376,0.011331875,-0.054377866,0.045738516,-0.024581045,0.014479036,-0.030678515,0.032160867,0.030673642,0.000628785,0.06124565,-0.012993791,-0.011651513,-0.053636409,0.059722136,0.04521625,-0.035682018,-0.030623936,-0.005299157,0.011308158,0.009983692,0.020723774,-0.02107572,0.00979886,-0.012192268,-3.88E-15
CRr3I,-1.95122786,0.557303375,0.435693584,-0.202067702,-0.324009279,-0.666175918,-0.893948938,-0.353441778,0.003980952,0.412424823,-0.208491441,-0.32143761,0.112735741,-0.125993633,0.040551221,-0.098469666,0.037880795,0.143425434,-0.143286215,0.043968265,-0.057768442,-0.170658669,0.023864349,0.131095412,0.036559642,0.064558888,0.121287272,-0.015299011,-0.037445134,0.002998198,-0.008741794,0.060386575,0.019870563,-0.005027532,-0.041861608,0.02877324,0.044644753,-0.036782614,0.056339539,0.015487124,-0.08121489,-0.030995552,0.026016464,0.0737382,0.057926263,-0.040158571,0.008852324,0.004965474,-0.006432263,0.019958752,-0.041250565,-0.001496334,0.000178088,-0.031701097,-0.055849415,-0.007231856,0.010698303,-0.00039929,-0.007440136,-0.014456658,-3.14E-15
MGr2D,-4.169773243,3.109260705,0.139699832,-1.157067186,0.457367,-0.199700036,-0.490029672,0.048488757,0.078622778,-0.302887372,-0.061878947,-0.341236855,0.071079267,0.614260586,0.236626505,0.137978419,0.110180888,0.083727795,0.053060083,-0.161645852,-0.063640408,0.186371475,0.012811353,-0.0277153,-0.046625765,0.013638403,-0.02203083,0.002379484,0.007160377,0.014856646,-0.057324138,0.093681355,0.086441479,0.06982057,-0.072975606,0.031890883,-0.051612888,0.026036133,-0.01967879,-0.032626701,-0.035798921,-0.030823954,-0.032965128,-0.064550538,-0.002407274,-0.053632371,-0.023540441,-0.007999599,-0.020166621,0.033485591,-0.023661285,0.032594862,-0.011039525,0.006885705,0.008251116,-0.008344103,0.03918176,0.018774255,-0.007803446,0.004540377,-7.88E-15
SEr2F,-1.580760963,1.019064796,0.698977225,0.373572107,-0.000756864,-0.337951532,-0.753059949,0.562294038,0.375231354,0.820300193,-0.310519657,0.434070256,0.27118826,0.156838757,-0.237847074,-0.070375754,-0.062838346,0.189437629,-0.065393803,0.024931716,0.068424265,-0.111869464,-0.147251246,0.00244241,0.04227976,-0.075253904,-0.034459169,0.016760118,-0.026288212,0.08524332,0.022318211,0.016734464,-0.036905765,-0.03707805,-0.026481782,0.029820938,-0.071286226,-0.081990856,-0.019284499,0.061146955,0.062290536,-0.011620776,-0.095621751,0.00984408,-0.01432493,-0.015589043,-0.011115995,-0.012281138,-0.044136909,-0.014362111,0.015220266,0.048080859,-0.011603899,0.008382777,-0.014379865,0.027231265,0.000242855,0.012089758,0.011381216,0.005881936,-2.36E-15
MGr3H,-2.431875843,-0.108637235,0.384425789,-0.160694164,-0.387666654,-1.111625466,-0.356467962,-0.271794887,0.125303014,0.1718464,-0.20212858,-0.115769818,0.345540998,-0.043279865,0.174309351,0.061519072,0.158926661,0.08849534,-0.027260135,0.028402333,0.118944958,0.204703588,0.023915638,0.033933926,0.049434594,-0.070358906,0.081226434,-0.000892382,-0.064389689,0.080200496,-0.045729223,-0.028021811,-0.028162898,0.04377853,-0.024883025,-0.03299881,-0.011685365,0.001767749,-0.019542638,-0.089076796,-0.011431381,-0.020023785,-0.033092071,0.036519782,0.008556858,0.109950077,0.042214301,-0.023951133,0.055719745,0.003594618,0.021265847,0.031956336,-0.013274171,0.001829188,-0.018526721,0.004235493,-0.012422034,-0.013715936,-0.01584687,0.004391956,-3.07E-15
BOr1B,-2.783653522,0.191784178,-0.367649595,-0.599431952,0.025251034,0.562435931,-0.883446328,0.055575186,-0.358531149,0.041544536,-0.068238938,0.105493084,-0.072712038,-0.26558192,0.058508145,-0.108669452,0.084024056,0.108821196,0.052713565,0.052231988,-0.021831722,-0.028310621,0.101726975,0.056401918,0.000439896,0.032201833,0.069105727,-0.01351578,0.018576511,-0.025024629,-0.001570873,-0.078660471,-0.000292138,0.013093086,-0.017077798,-0.011795835,0.036970085,-0.001632652,0.030799965,-0.036798662,0.019694108,-0.021954888,-0.03193617,-0.009917062,-0.040682125,-0.036029473,-0.027285863,0.028708425,0.003550899,0.009697497,0.021935499,-0.025030517,0.042674842,0.009055356,-0.013964924,0.031786798,0.012288682,-0.010367252,-0.016049533,0.079830964,-3.20E-15
SEr3I,1.377495253,0.669787324,-0.989161573,0.319139367,1.22042905,0.589752943,-1.074543236,0.189761951,0.62010561,0.902577586,-0.37412512,0.368784009,-0.433881301,-0.226840039,0.060466973,0.148379842,0.065686441,0.006280161,0.161442956,0.004326103,0.019641686,0.094349699,0.077739064,0.007183531,0.059863294,0.017445387,-0.027109103,0.004123781,0.059169464,-0.023485727,0.03813587,-0.035113921,0.072508275,-0.080780692,0.024000392,-0.056054302,-0.032167698,0.015985209,-0.055445491,0.033984634,-0.011294454,0.038766443,-0.038714534,-0.058996762,0.07419818,-0.001618943,0.061009611,0.036186669,0.004581059,0.011188027,-0.010792353,-0.028991496,-0.030972156,-0.02837384,-0.025145801,0.020257398,0.001102444,-0.008244846,-0.00472233,-0.003701253,-2.92E-15
CRr3H,6.915531219,0.814737453,0.322640434,1.462581724,-1.414670858,0.253466388,-0.234375101,0.407769392,0.19133635,0.195964389,-0.201207006,-0.345629394,0.15091366,0.331050957,-0.270581905,-0.181253499,-0.099760846,-0.072458184,-0.055419228,0.111857051,0.015262569,0.131712434,0.01269723,0.185609502,0.148675274,0.113151884,0.0627143,0.038755437,0.074645213,-0.005266051,0.133419761,-0.01446515,0.080033057,0.076651391,-0.066685099,0.061582228,-0.006203146,0.010496635,0.02467045,0.025207021,0.028328735,0.022587206,0.04271509,-0.051665932,0.009509721,0.063442823,-0.025435858,0.00787012,-0.021515849,-0.015892199,0.01065119,-0.003498002,0.002771892,0.001939671,0.002707187,-0.007077492,-0.000196483,0.003381739,-0.004271071,0.000533052,-4.23E-15
MGr1C,8.483559222,0.702543872,1.062442197,1.795436259,-2.206002862,-1.080425392,0.658179761,-0.11508001,0.059723887,-0.321544215,-0.221895685,-0.034042209,0.28273611,0.277339028,0.016147253,0.213608075,-0.143845559,-0.12526903,-0.279452638,0.099603949,0.146568312,0.12619837,0.179640928,-0.014342314,0.092598375,-0.016779469,-0.045178265,0.04534188,0.041354494,-0.095683132,-0.068366247,0.063498509,-0.057459633,-0.051858487,0.116360536,0.016207832,-0.01561681,-0.038558682,-0.036897808,-0.013915037,-0.009504448,-0.010757334,-0.018761782,-0.013372289,-0.013850293,-0.037850263,0.003624606,0.00186105,-0.01006943,-0.003006819,-0.013346461,-0.012012689,0.01345147,-0.004760017,-0.022047694,0.001144355,-0.00072848,-0.003744539,-0.004535055,0.009609901,-2.50E-15
MHr2D,3.101334964,-1.740586391,-0.431069744,1.899950991,0.106557105,0.35204823,0.227364904,0.661029155,0.260578449,-0.423134635,0.285944699,-0.196562522,0.202727168,0.243195,-0.159823222,0.140171592,-0.121775555,0.119362101,0.079680671,0.051632254,-0.060892241,0.054827003,0.058815052,-0.109074869,0.108773973,0.033631844,-0.031493151,-0.067248461,-0.010201026,0.047859643,0.083223722,-0.024419197,0.09052989,-0.092024288,-0.070482105,-0.095091296,-0.064202653,0.025870577,-0.051069839,-0.034347283,-0.024889814,0.005242278,0.027392279,0.103662742,-0.038722398,-0.029411418,-0.009563465,0.019081922,0.002894712,-0.000620844,0.006250956,0.0152914,0.031608158,-0.015250296,0.004792067,-0.011249215,-0.009546655,0.007526022,0.005813228,0.001638995,-3.42E-15
CRr1B,2.867186457,2.323190444,0.155973636,0.511312787,-1.035514062,0.651866645,0.042130459,-0.067530883,0.510588697,0.205340336,0.114612185,-0.415790922,-0.102426013,0.268073905,0.143631252,-0.151017278,0.133641603,0.128963736,-0.038000853,0.16437594,-0.049055688,-0.07560311,0.05388098,-0.03520456,-0.167400681,0.094161068,-0.092232666,0.058154972,0.05859076,-0.027844426,0.018851196,-0.149080048,-0.02730289,-0.017262022,-0.04617246,-0.032637947,-0.060462657,-0.087976016,0.014175475,0.003689732,-0.021329218,-0.040509561,-0.004064957,-0.02997229,-0.01902679,-0.00635657,0.04024677,-0.065060406,0.035456993,0.008163338,0.012196796,-0.025830071,-0.001059617,0.007976582,0.000212186,-0.033010159,0.00468615,-0.000258153,0.017498175,-0.010063216,-1.21E-15
BAr3I,10.57330198,4.648121413,0.127018037,0.49457758,-0.02155333,1.869181341,0.301766165,0.931471,-0.378790712,-0.221665569,-0.047326688,-0.290282575,0.365094193,-0.189621998,-0.495639971,0.098112704,0.080925901,-0.176101213,0.193600738,0.092900112,-0.106826098,0.027281444,0.05242109,-0.010967521,0.014201036,-0.036063824,-0.102154846,-0.038801782,-0.011271798,0.057135609,-0.030991321,0.037229195,-0.096592477,0.042485282,0.009804195,0.025179942,-0.022942259,0.070132629,0.073267478,0.027665903,-0.061083935,-0.062417623,-0.041289885,0.009416358,0.028885741,-0.005057838,0.011253157,-0.000126909,0.018469093,-0.022664475,0.006393843,-0.000258364,-0.013620783,-0.003667827,-0.005822482,0.004768603,0.003383429,-0.004775878,0.003912956,0.004516195,-1.26E-15
CRr1A,10.58439639,3.749985541,1.326726143,1.092907363,-0.127275111,-0.101562543,0.54948977,0.980417629,-0.076025624,-0.298449968,0.747533307,-0.434196844,0.204413363,-0.059666058,0.013927891,-0.033831099,0.13144846,-0.057580511,0.139518367,0.041370189,-0.069999275,-0.025160654,-0.046030003,-0.064781231,-0.041216002,0.119046155,0.231266074,0.051652175,0.037688097,0.112314968,-0.117256327,-0.037567545,0.031393195,-0.106614687,0.046517338,0.087594007,0.045688826,-0.010924558,-0.029508464,-0.013201256,0.039057644,0.031225605,-0.016377262,-0.011050424,0.000359559,-0.002236908,0.016367008,0.004093823,-0.008153919,0.018652333,-0.012057028,0.012238879,0.001780136,0.004141103,0.009645466,0.007778588,-0.007109078,-0.000998604,0.000355741,-0.00649567,1.55E-15
LASAr3H,6.49766708,-2.228328718,-0.004672038,0.675469283,-1.969520284,0.181679602,0.253539829,-0.166883069,-0.053867437,-1.308189073,-0.340498726,0.612167572,-0.972872656,0.041902248,0.129873934,0.040227512,-0.021458638,0.040925649,-0.046142837,-0.13791461,0.045657354,-0.108467805,-0.0824818,0.126030393,0.020754125,-0.006514195,-0.028009871,0.044129764,-0.069544379,0.142178228,0.001737487,-0.096795628,0.08792357,0.015567572,0.082854419,0.041615147,-0.071470722,0.033838617,0.022372347,0.003442792,-0.04221107,-0.020903589,-0.014048531,-0.001692411,-0.003332588,-0.008641208,-0.008565815,0.009755898,0.020350559,-0.007951524,-0.00539423,-0.005224302,-0.004444985,0.004909048,-0.003007801,0.004658708,-0.009836673,0.001429809,-0.004113681,-0.001297068,-4.01E-16
BAr2E,8.845626725,0.851287039,-0.22062256,-0.209425603,-1.251963819,1.802797283,-0.728186528,0.493653135,0.94531238,0.054185826,-0.389850807,-0.650039448,-0.2714485,-0.356766136,-0.06385588,-0.069026858,-0.106974804,-0.022981182,-0.069209536,-0.274106177,-0.108757135,0.059967845,0.023371006,0.033632867,-0.01269142,0.059896689,-0.080219343,0.070424987,-0.171737637,0.057643338,-0.0258883,0.080856067,-0.054430574,-0.017586217,-0.027302806,-0.065857474,0.082365698,-0.068189995,-0.04636511,-0.010235567,0.012117367,0.046522939,0.020040399,-0.017071069,-0.021855064,0.010568543,-0.011905721,0.002582529,0.008210811,0.004473188,0.001383286,-0.007953532,0.00062319,0.006354626,-0.000336061,0.000577618,0.006945731,0.005419436,0.000713717,0.001078594,5.84E-17
MHr3H,8.393882913,-1.082968888,0.667927373,2.501570079,-0.345209509,-1.339690607,0.333307738,-0.319730756,0.714152043,-0.113989142,0.232173096,0.306080913,0.322136198,-0.202684003,0.266459926,-0.499468028,0.18727835,0.050465208,0.010872248,-0.137106991,-0.290023248,-0.074731598,0.093248916,-0.040680439,0.125338334,-0.226514286,-0.015896492,0.005740867,0.054282359,0.015231712,0.026753184,0.021303151,-0.044262045,0.008493075,-0.000910477,-0.014214604,-0.021309509,0.046644088,-0.007440612,0.004031831,-0.009605168,0.021962622,0.019397319,-0.028587548,0.000401293,-0.009127811,0.003615841,-0.012589023,-0.016205818,0.009088524,0.00424887,-0.000430126,-0.004558526,0.004943704,-0.000544749,-0.005092056,-0.004534803,-0.001688589,-0.002257642,0.001228191,-1.66E-15
MGr3G,10.55281505,0.151787561,-4.495434207,5.543220955,2.868481676,0.612182394,1.393387758,-1.609571987,-0.852039547,0.281217893,-0.540984957,0.102605125,0.056187676,-0.011360652,-0.153150951,0.058505346,-0.012802619,0.208216601,-0.02919533,-0.084335045,0.083163642,0.050439281,-0.059956429,0.020517299,-0.108288831,-0.002210452,0.008772456,0.093918384,0.024544565,0.0150176,0.016442591,0.015954783,-0.003339522,0.030136395,-9.40E-05,0.015661838,0.0517162,-0.003874,0.002677376,-0.033067473,-0.00182858,0.002280506,0.00105323,0.006234226,-0.001017358,-0.014456893,0.004571572,-0.015970107,-0.00729145,0.002843711,-0.002136413,-0.004213119,0.004394388,0.002067842,0.002150388,-0.000784508,-0.001654353,0.000483103,-0.005622914,0.000430039,2.94E-16
BOr3H,9.919888142,0.712986757,1.79589466,1.464167427,-0.896145927,-0.097421228,-0.470636093,0.540128601,0.649355617,-1.036635436,0.28875505,0.072995977,-0.186057025,-0.203515755,0.218941245,-0.042695052,0.02995034,0.189963767,0.137647285,0.21939878,0.085262673,0.100853352,-0.24023998,0.086836061,-0.13305283,-0.073256123,-0.019416638,-0.064323415,-0.043516422,-0.177477549,0.051041192,0.084894425,-0.000346026,-0.019722774,-0.030772318,0.016830365,0.055576294,0.026585431,-0.033083978,0.033301828,-0.018132763,0.000947356,-0.018170309,0.011332256,-0.005363488,0.006982331,0.003522253,-0.000698731,0.006707026,-0.001871029,-0.005926439,-0.000172488,0.001688764,0.002055463,0.003191857,0.01104782,0.0011356,-0.007820125,0.002655136,0.00190392,-2.93E-16
MGr3I,7.693382505,4.113371234,0.932444255,0.249473114,-1.440036816,0.090608251,0.664272516,0.337144893,-0.133612182,0.226867182,0.088337433,-0.704603057,0.012220234,-0.254295952,0.41139897,0.254782128,-0.04194882,0.210826816,-0.052539449,-0.04556489,0.151831128,-0.153385796,0.097806493,-0.056062446,-0.068323841,0.007490523,-0.073588991,-0.037986093,0.031945028,0.006304509,0.015599577,-0.020216222,-0.021306764,0.064450714,-0.023375289,-0.035519777,-0.025816101,0.057844398,0.073785048,-0.014781087,0.098385686,0.038566878,0.013139206,0.020055841,0.047592788,-0.002882741,-0.005437538,0.034617827,-0.028343572,0.002524576,0.001775499,0.018383443,-0.011293972,-0.005981549,0.011491479,0.016285755,0.000331911,-0.004612252,-0.005541453,-0.0083386,2.89E-15
MGr1A,4.720121283,-5.168266139,1.271167614,0.249666304,-0.891438689,-0.317338245,0.169715716,-1.418272031,0.435393257,0.477899273,0.120516202,0.582099287,0.293482351,0.719304203,-0.04457376,0.112129695,0.048368628,0.119279079,0.386465371,-0.085858337,-1.65E-05,-0.121922106,0.05909344,-0.019124598,0.081591186,0.155511658,-0.041847097,-0.093284693,-0.125981148,-0.073007121,-0.023233583,-0.027066679,-0.052728587,0.003134034,0.029855977,0.034451407,0.043622951,-0.000490922,0.02310024,-0.016641914,0.004242187,0.028840191,0.004702153,-0.016300157,0.005872409,0.011903558,-0.006409834,-0.014610774,-0.000223885,-0.01142821,-0.002027232,0.005819142,0.000836603,0.002145328,-0.005411393,0.004008267,0.003646171,0.000397325,0.001366584,-0.00206921,-4.39E-15
BOr3I,6.11386845,0.597180642,0.36968001,-0.091770251,-0.748575487,0.597631404,-1.944500814,-2.23495706,-0.357839101,0.056442698,0.344396837,0.287878497,0.203054292,0.08604448,0.026769626,-0.176706981,-0.204296609,-0.206554286,0.055152157,0.091506605,0.146642306,0.036261879,-0.015173474,-0.095915411,-0.142372758,0.001439258,0.142962431,-0.001915725,-0.029640709,0.083677523,0.038918637,0.084821991,-0.031362112,-0.00147675,0.01497379,-0.083944093,-0.080719546,0.027862747,0.033292922,0.033411689,0.003793461,0.011402645,0.027011499,-0.014310605,-0.022956152,-0.013833421,0.00616191,0.024389697,0.001711815,0.022165712,0.001846721,-0.003076528,-0.01180128,0.014648557,-0.009753862,-0.011543967,0.0005032,-0.002117656,0.004533054,0.002005891,-1.10E-15
BAr2D,6.530831069,-3.831395027,-1.329641778,-0.702999802,-1.187507634,0.294798339,-0.218258616,-1.210936405,0.448052655,0.52657249,0.626057388,0.052313307,-0.421180177,-0.240625834,-0.1224212,-0.16467131,-0.181585763,-0.159444794,-0.038348401,-0.201389979,0.034862623,0.077797397,-0.074409161,0.042286133,-0.022142152,0.027981337,-0.079594478,-0.115478107,0.172300313,-0.033888807,-0.158309652,-0.015024506,0.015968969,-0.017287516,-0.090560877,0.045577158,-0.014746169,0.010170055,-0.005130389,-0.034659155,-1.01E-05,-0.005200148,-0.032253957,0.052333935,0.012399658,0.008156437,0.007397169,-0.012203716,-0.016420836,-0.014375259,0.003762308,-0.005514935,0.006427621,0.002475828,-0.001235846,0.007776027,0.000450585,-0.003262154,0.002448602,-0.001590953,-1.50E-15
MHr2E,-2.490195887,-2.373391337,-0.355202027,-1.042620177,0.814769599,-0.952571146,0.023578392,-0.424079523,0.487603117,-0.533262985,0.262209194,-0.006727667,0.086915252,-0.082603934,0.100375044,-0.116878181,-0.117791966,-0.021164927,-0.004704681,0.11958733,-0.035660199,0.111445374,-0.0445927,-0.154241568,0.12282029,0.122647067,-0.07665262,0.160491436,-0.036279711,0.026385076,-0.012439464,-0.020939822,0.008464807,0.138021757,9.83E-05,0.041457127,0.034898425,0.00971006,-0.020962142,0.067167305,0.043783678,0.020428586,-0.022575264,0.067862755,0.012514003,-0.050616338,0.036017041,-0.001989961,0.020755294,0.006232532,0.016778156,-0.02489718,-0.026916718,-0.008094315,0.007269487,0.000805592,0.012679119,-0.01838595,-0.000415009,0.006224228,-3.29E-15
CRr2E,2.250761746,1.707907631,-0.273039285,-2.971352801,1.456453655,-0.321878285,0.328620087,-0.501274657,1.093630855,-0.835247965,-0.140005074,-0.330276984,-0.212323312,-0.101177413,-0.233424134,-0.186943588,0.176615057,-0.013139059,0.067163247,-0.07281715,0.277336212,-0.050026187,0.01400956,-0.014895257,0.098296105,0.017134214,0.020112515,0.106917797,0.010847839,-0.043391455,0.032505893,0.051221002,-0.006386656,-0.088518896,0.001828563,-0.032967754,-0.0187036,0.038667016,0.023037205,-0.023428918,0.042211776,-0.034184618,0.019315952,-0.003838188,0.056171295,-0.016443967,-0.034563303,-0.071367928,0.009751731,-0.002758394,0.00356997,0.003344471,0.014518036,-0.00126599,0.004226111,0.000333306,-0.0154087,0.019226163,-0.004007922,0.00505761,-2.59E-15
MHr1B,-5.654668578,-2.297084082,-2.310036207,0.357839897,0.702264313,-0.06606935,-0.224202336,0.706935246,0.462469989,-0.331725072,0.699012996,0.376161394,0.41804389,0.10733896,0.501511775,0.09588434,-0.131829882,-0.27289515,0.183852851,0.007279594,0.097056581,-0.050847306,0.034630868,0.098321654,-0.061423973,-0.019913848,-0.121163393,0.084924486,0.079127185,0.11674797,0.082305363,0.034986211,-0.031285458,-0.013147338,-0.008401945,0.013451454,0.065657424,-0.079389029,0.008409185,-0.020037989,-0.02954817,-0.027816871,0.005963139,-0.000299275,0.030811462,0.017814772,-0.032127295,0.010434832,-0.01258748,-0.005719331,0.003726116,0.009912959,0.015127551,-0.019144737,-0.004294908,0.00221641,-0.006775827,-1.75E-05,0.001157464,0.003963511,-3.53E-15
LAWAr2F,-2.476879169,-1.418460752,0.086838737,-1.203456252,0.298751991,0.558412176,-0.939587398,-0.170563385,0.422857602,0.01697355,-0.427815864,-0.24859512,-0.042433367,0.116100312,0.032488113,0.052473351,0.126241294,-0.08590929,-0.12068416,0.027849697,-0.012326167,-0.183461508,-0.101751537,-0.070996208,0.04710485,0.060633011,-0.075401501,0.026790427,0.074479641,-0.004273781,0.07598865,0.082697744,0.008585478,-0.014100144,0.023301462,0.042674972,0.05957069,0.064744624,0.03486884,-0.071781211,-0.014099603,0.006399005,-0.017790962,-0.016076002,-0.092451969,0.008638939,0.101152758,0.020059633,-0.017620679,0.004375655,0.010613788,0.018814563,0.009134215,-0.004323999,-0.001511707,-0.000970434,-0.020813325,0.009805848,-0.005151418,-0.004692594,-3.74E-15
MGr2F,1.613648097,-0.631763225,1.131627796,-1.091373816,0.595522903,-0.379285556,-0.506373142,-0.631814867,0.543510742,-0.487361069,-1.048019539,-0.38134912,0.228254472,-0.006351338,0.08987421,0.126311393,0.069504924,-0.034102763,-0.055623101,-0.091296669,-0.074061532,0.052627728,-0.140365098,-0.215164893,-0.045638122,0.016501208,0.039699382,0.009039866,0.087305302,-0.017105445,0.043601088,-0.111683613,-0.090197125,-0.023721429,0.006801403,0.032260099,-0.010315105,-0.004154116,0.002721194,0.024026613,-0.056571769,0.045058254,-0.016704235,0.013419526,0.021293194,0.040262544,-0.07352454,0.044409558,-0.00196306,-0.025765257,-0.012405823,-0.003576741,0.021081132,-0.000203444,-0.012493046,-0.012882884,0.014369708,0.001164584,0.005670305,0.000896918,-2.75E-15
LABRr1B,-7.575077395,-3.633314254,-1.725102221,-0.617277031,0.098775709,0.32345178,-0.323616639,-0.002610669,0.142266076,-0.148196121,-0.004971899,0.004429879,0.111594193,0.06639524,-0.082979243,0.064166532,0.28592282,0.156891054,-0.064242361,0.128382215,-0.056408739,-0.031200861,0.065852716,0.066159389,-0.104707613,0.088726085,-0.067901905,-0.028758252,0.047083521,0.037534295,-0.081345817,0.068354697,-0.025770981,0.019118521,0.017297491,0.011010658,-0.026283967,0.026129317,-0.080970281,0.060735283,-0.001735423,0.009198178,0.040124061,0.009465678,0.018726755,0.005826333,-0.034606773,0.026408812,-0.010154682,0.009035531,0.030727557,-0.009233196,-0.003986491,0.049409173,-0.013606938,-0.006083747,-0.061091849,0.010885948,-0.03568783,-0.003626534,-4.24E-15
LABRr1C,-5.854997307,2.021072214,-1.262083215,-0.513807404,-0.016984231,-0.771886224,0.817898966,-0.513427084,-1.172540424,0.753156979,-0.001304316,-0.675415375,-0.920553461,0.335804143,0.219627628,-0.101892416,0.279657149,-0.116838022,0.158860064,0.120250712,-0.02276849,0.181336339,-0.054162752,0.100475645,0.078563041,-0.074045768,-0.053677509,0.050745541,-0.045208044,0.015806166,-0.016350503,0.003828335,-0.075319517,-0.066910698,-0.012058083,0.004610322,-0.023143921,-0.01528014,0.045881709,0.019065982,0.026032732,0.022240192,0.019218273,0.034433134,-0.043443117,-0.016462722,-0.00476429,0.03739071,-0.013010236,-0.02502741,-0.00901161,-0.008467094,0.007219852,-0.004359661,-0.003587803,0.001989527,0.001294746,0.011284175,-0.003581459,-0.009625115,-2.87E-15
LASAr3G,5.358856881,0.966170305,-2.268357576,1.402555372,1.982873706,2.315206261,0.166918233,0.286307981,0.566324266,-0.029900451,0.0812716,-0.095702378,0.049710678,0.261119297,0.340577899,-0.090159151,0.199567043,-0.265086211,-0.162677663,0.080674548,0.065126887,-0.139316849,-0.1021362,-0.019377087,0.163270129,0.005337452,0.044492601,-0.153324483,-0.045425803,-0.067539444,-0.084926313,-0.01809633,0.03628692,0.066246579,0.045604409,-0.053125444,-0.023300408,-0.040104142,-0.0147868,0.013689542,0.01998923,-0.021284293,0.001472387,0.009580006,-0.00535152,0.019498616,-0.027667796,0.00982489,0.006946632,0.007028798,-0.000527802,0.001559739,-0.010842529,-0.001794948,0.002413456,0.001647387,0.0143881,0.007315411,0.003786665,-0.001082901,-7.04E-16
LASAr3I,9.789900777,-8.583556468,9.753323316,-1.378213572,2.566825206,1.016121786,1.306551102,0.215206253,-1.024520105,0.270426553,-0.327530973,0.088518977,0.125936674,-0.075006042,0.148953516,-0.116452194,-0.039788174,-0.000434334,-0.051141977,0.024993388,0.018602444,0.059660701,0.011575166,0.091852837,-0.033338563,0.03069382,-0.0474246,0.003491557,0.022571067,0.037748017,-0.015412389,0.021230461,0.016003167,-0.009663609,-0.002099273,-0.023273264,-0.016250719,-0.014026217,8.53E-05,-0.003193826,-0.00015117,-0.007334261,0.011800582,-0.003075559,0.000105095,-0.004117604,0.004279011,0.000168165,-0.002458183,0.000677286,-0.001293354,0.000378432,0.001450973,-0.00111345,0.002845668,0.000536686,0.001064563,-0.002053764,0.002276828,0.000486225,6.42E-16
LASCr2D,-7.94200403,-3.266912258,-0.683618579,0.743467625,-0.921024562,-0.656226925,0.81948093,1.123218332,-0.497905606,-0.061421785,-0.128420911,0.278400564,-0.308916601,0.141152822,-0.20847619,-0.157345555,0.233389109,-0.104402425,-0.077886637,-0.038207345,0.156518104,-0.040492896,-0.043863233,-0.078660054,-0.085941218,0.047726291,0.021357588,-0.079692664,-0.031374985,0.063577177,0.018085223,0.016323016,-0.078038169,0.040099533,-0.039388164,-0.00977411,-0.002503408,0.038868889,-0.078774402,-0.000522604,0.008178379,-0.002295943,0.034411599,-0.035020837,0.031261773,-0.014945803,0.029088464,0.000415142,-0.017241993,0.00164305,0.019739213,0.00047236,0.052163951,-0.039196007,-0.010116787,0.001307805,0.041057517,-0.036313209,0.008818214,-0.005670244,-2.78E-15
LASCr2F,6.089959865,-8.393913246,-0.050884422,-1.666652707,-1.014177627,1.304398634,0.943720898,-0.567414335,0.311832535,0.592249282,0.895353544,-0.437101588,-0.45786084,0.185004039,-0.211743198,0.327259235,0.121770707,-0.02847343,-0.081966536,0.024058182,-0.05377805,-0.039831667,0.038025094,-0.105892112,-0.029133836,-0.218347929,0.124898273,0.075019657,-0.022918062,-0.026875188,0.099661013,-0.006898304,0.023999558,0.039080548,-0.020806406,0.026063197,0.042231222,-0.023734587,-0.021109979,0.011586277,0.002038675,-0.027816852,-0.027730294,-0.007622536,0.015979244,-0.002977967,-0.013718201,0.005195222,0.004058469,0.013415159,0.003819037,-0.001995652,-0.006378974,-0.005390233,-0.00239091,0.000961712,-0.006206054,0.002616705,-0.007161981,0.000720125,3.30E-15
